Port,Status
1,Error
2,Error
3,Error
4,Error
5,Error
6,Error
7,Error
8,Error
9,Error
10,Error
11,Error
12,Error
13,Error
14,Error
15,Error
16,Error
17,Error
18,Error
19,Error
20,Error
21,Error
22,Error
23,Error
24,Error
25,Error
26,Error
27,Error
28,Error
29,Error
30,Error
31,Error
32,Error
33,Error
34,Error
35,Error
36,Error
37,Error
38,Error
39,Error
40,Error
41,Error
42,Error
43,Error
44,Error
45,Error
46,Error
47,Error
48,Error
49,Error
50,Error
51,Error
52,Error
53,Error
54,Error
55,Error
56,Error
57,Error
58,Error
59,Error
60,Error
61,Error
62,Error
63,Error
64,Error
65,Error
66,Error
67,Error
68,Error
69,Error
70,Error
71,Error
72,Error
73,Error
74,Error
75,Error
76,Error
77,Error
78,Error
79,Error
80,Error
81,Error
82,Error
83,Error
84,Error
85,Error
86,Error
87,Error
88,Error
89,Error
90,Error
91,Error
92,Error
93,Error
94,Error
95,Error
96,Error
97,Error
98,Error
99,Error
100,Error
101,Error
102,Error
103,Error
104,Error
105,Error
106,Error
107,Error
108,Error
109,Error
110,Error
111,Error
112,Error
113,Error
114,Error
115,Error
116,Error
117,Error
118,Error
119,Error
120,Error
121,Error
122,Error
123,Error
124,Error
125,Error
126,Error
127,Error
128,Error
129,Error
130,Error
131,Error
132,Error
133,Error
134,Error
135,Error
136,Error
137,Error
138,Error
139,Error
140,Error
141,Error
142,Error
143,Error
144,Error
145,Error
146,Error
147,Error
148,Error
149,Error
150,Error
151,Error
152,Error
153,Error
154,Error
155,Error
156,Error
157,Error
158,Error
159,Error
160,Error
161,Error
162,Error
163,Error
164,Error
165,Error
166,Error
167,Error
168,Error
169,Error
170,Error
171,Error
172,Error
173,Error
174,Error
175,Error
176,Error
177,Error
178,Error
179,Error
180,Error
181,Error
182,Error
183,Error
184,Error
185,Error
186,Error
187,Error
188,Error
189,Error
190,Error
191,Error
192,Error
193,Error
194,Error
195,Error
196,Error
197,Error
198,Error
199,Error
200,Error
201,Error
202,Error
203,Error
204,Error
205,Error
206,Error
207,Error
208,Error
209,Error
210,Error
211,Error
212,Error
213,Error
214,Error
215,Error
216,Error
217,Error
218,Error
219,Error
220,Error
221,Error
222,Error
223,Error
224,Error
225,Error
226,Error
227,Error
228,Error
229,Error
230,Error
231,Error
232,Error
233,Error
234,Error
235,Error
236,Error
237,Error
238,Error
239,Error
240,Error
241,Error
242,Error
243,Error
244,Error
245,Error
246,Error
247,Error
248,Error
249,Error
250,Error
251,Error
252,Error
253,Error
254,Error
255,Error
256,Error
257,Error
258,Error
259,Error
260,Error
261,Error
262,Error
263,Error
264,Error
265,Error
266,Error
267,Error
268,Error
269,Error
270,Error
271,Error
272,Error
273,Error
274,Error
275,Error
276,Error
277,Error
278,Error
279,Error
280,Error
281,Error
282,Error
283,Error
284,Error
285,Error
286,Error
287,Error
288,Error
289,Error
290,Error
291,Error
292,Error
293,Error
294,Error
295,Error
296,Error
297,Error
298,Error
299,Error
300,Error
301,Error
302,Error
303,Error
304,Error
305,Error
306,Error
307,Error
308,Error
309,Error
310,Error
311,Error
312,Error
313,Error
314,Error
315,Error
316,Error
317,Error
318,Error
319,Error
320,Error
321,Error
322,Error
323,Error
324,Error
325,Error
326,Error
327,Error
328,Error
329,Error
330,Error
331,Error
332,Error
333,Error
334,Error
335,Error
336,Error
337,Error
338,Error
339,Error
340,Error
341,Error
342,Error
343,Error
344,Error
345,Error
346,Error
347,Error
348,Error
349,Error
350,Error
351,Error
352,Error
353,Error
354,Error
355,Error
356,Error
357,Error
358,Error
359,Error
360,Error
361,Error
362,Error
363,Error
364,Error
365,Error
366,Error
367,Error
368,Error
369,Error
370,Error
371,Error
372,Error
373,Error
374,Error
375,Error
376,Error
377,Error
378,Error
379,Error
380,Error
381,Error
382,Error
383,Error
384,Error
385,Error
386,Error
387,Error
388,Error
389,Error
390,Error
391,Error
392,Error
393,Error
394,Error
395,Error
396,Error
397,Error
398,Error
399,Error
400,Error
401,Error
402,Error
403,Error
404,Error
405,Error
406,Error
407,Error
408,Error
409,Error
410,Error
411,Error
412,Error
413,Error
414,Error
415,Error
416,Error
417,Error
418,Error
419,Error
420,Error
421,Error
422,Error
423,Error
424,Error
425,Error
426,Error
427,Error
428,Error
429,Error
430,Error
431,Error
432,Error
433,Error
434,Error
435,Error
436,Error
437,Error
438,Error
439,Error
440,Error
441,Error
442,Error
443,Error
444,Error
445,Error
446,Error
447,Error
448,Error
449,Error
450,Error
451,Error
452,Error
453,Error
454,Error
455,Error
456,Error
457,Error
458,Error
459,Error
460,Error
461,Error
462,Error
463,Error
464,Error
465,Error
466,Error
467,Error
468,Error
469,Error
470,Error
471,Error
472,Error
473,Error
474,Error
475,Error
476,Error
477,Error
478,Error
479,Error
480,Error
481,Error
482,Error
483,Error
484,Error
485,Error
486,Error
487,Error
488,Error
489,Error
490,Error
491,Error
492,Error
493,Error
494,Error
495,Error
496,Error
497,Error
498,Error
499,Error
500,Error
501,Error
502,Error
503,Error
504,Error
505,Error
506,Error
507,Error
508,Error
509,Error
510,Error
511,Error
512,Error
513,Error
514,Error
515,Error
516,Error
517,Error
518,Error
519,Error
520,Error
521,Error
522,Error
523,Error
524,Error
525,Error
526,Error
527,Error
528,Error
529,Error
530,Error
531,Error
532,Error
533,Error
534,Error
535,Error
536,Error
537,Error
538,Error
539,Error
540,Error
541,Error
542,Error
543,Error
544,Error
545,Error
546,Error
547,Error
548,Error
549,Error
550,Error
551,Error
552,Error
553,Error
554,Error
555,Error
556,Error
557,Error
558,Error
559,Error
560,Error
561,Error
562,Error
563,Error
564,Error
565,Error
566,Error
567,Error
568,Error
569,Error
570,Error
571,Error
572,Error
573,Error
574,Error
575,Error
576,Error
577,Error
578,Error
579,Error
580,Error
581,Error
582,Error
583,Error
584,Error
585,Error
586,Error
587,Error
588,Error
589,Error
590,Error
591,Error
592,Error
593,Error
594,Error
595,Error
596,Error
597,Error
598,Error
599,Error
600,Error
601,Error
602,Error
603,Error
604,Error
605,Error
606,Error
607,Error
608,Error
609,Error
610,Error
611,Error
612,Error
613,Error
614,Error
615,Error
616,Error
617,Error
618,Error
619,Error
620,Error
621,Error
622,Error
623,Error
624,Error
625,Error
626,Error
627,Error
628,Error
629,Error
630,Error
631,Error
632,Error
633,Error
634,Error
635,Error
636,Error
637,Error
638,Error
639,Error
640,Error
641,Error
642,Error
643,Error
644,Error
645,Error
646,Error
647,Error
648,Error
649,Error
650,Error
651,Error
652,Error
653,Error
654,Error
655,Error
656,Error
657,Error
658,Error
659,Error
660,Error
661,Error
662,Error
663,Error
664,Error
665,Error
666,Error
667,Error
668,Error
669,Error
670,Error
671,Error
672,Error
673,Error
674,Error
675,Error
676,Error
677,Error
678,Error
679,Error
680,Error
681,Error
682,Error
683,Error
684,Error
685,Error
686,Error
687,Error
688,Error
689,Error
690,Error
691,Error
692,Error
693,Error
694,Error
695,Error
696,Error
697,Error
698,Error
699,Error
700,Error
701,Error
702,Error
703,Error
704,Error
705,Error
706,Error
707,Error
708,Error
709,Error
710,Error
711,Error
712,Error
713,Error
714,Error
715,Error
716,Error
717,Error
718,Error
719,Error
720,Error
721,Error
722,Error
723,Error
724,Error
725,Error
726,Error
727,Error
728,Error
729,Error
730,Error
731,Error
732,Error
733,Error
734,Error
735,Error
736,Error
737,Error
738,Error
739,Error
740,Error
741,Error
742,Error
743,Error
744,Error
745,Error
746,Error
747,Error
748,Error
749,Error
750,Error
751,Error
752,Error
753,Error
754,Error
755,Error
756,Error
757,Error
758,Error
759,Error
760,Error
761,Error
762,Error
763,Error
764,Error
765,Error
766,Error
767,Error
768,Error
769,Error
770,Error
771,Error
772,Error
773,Error
774,Error
775,Error
776,Error
777,Error
778,Error
779,Error
780,Error
781,Error
782,Error
783,Error
784,Error
785,Error
786,Error
787,Error
788,Error
789,Error
790,Error
791,Error
792,Error
793,Error
794,Error
795,Error
796,Error
797,Error
798,Error
799,Error
800,Error
801,Error
802,Error
803,Error
804,Error
805,Error
806,Error
807,Error
808,Error
809,Error
810,Error
811,Error
812,Error
813,Error
814,Error
815,Error
816,Error
817,Error
818,Error
819,Error
820,Error
821,Error
822,Error
823,Error
824,Error
825,Error
826,Error
827,Error
828,Error
829,Error
830,Error
831,Error
832,Error
833,Error
834,Error
835,Error
836,Error
837,Error
838,Error
839,Error
840,Error
841,Error
842,Error
843,Error
844,Error
845,Error
846,Error
847,Error
848,Error
849,Error
850,Error
851,Error
852,Error
853,Error
854,Error
855,Error
856,Error
857,Error
858,Error
859,Error
860,Error
861,Error
862,Error
863,Error
864,Error
865,Error
866,Error
867,Error
868,Error
869,Error
870,Error
871,Error
872,Error
873,Error
874,Error
875,Error
876,Error
877,Error
878,Error
879,Error
880,Error
881,Error
882,Error
883,Error
884,Error
885,Error
886,Error
887,Error
888,Error
889,Error
890,Error
891,Error
892,Error
893,Error
894,Error
895,Error
896,Error
897,Error
898,Error
899,Error
900,Error
901,Error
902,Error
903,Error
904,Error
905,Error
906,Error
907,Error
908,Error
909,Error
910,Error
911,Error
912,Error
913,Error
914,Error
915,Error
916,Error
917,Error
918,Error
919,Error
920,Error
921,Error
922,Error
923,Error
924,Error
925,Error
926,Error
927,Error
928,Error
929,Error
930,Error
931,Error
932,Error
933,Error
934,Error
935,Error
936,Error
937,Error
938,Error
939,Error
940,Error
941,Error
942,Error
943,Error
944,Error
945,Error
946,Error
947,Error
948,Error
949,Error
950,Error
951,Error
952,Error
953,Error
954,Error
955,Error
956,Error
957,Error
958,Error
959,Error
960,Error
961,Error
962,Error
963,Error
964,Error
965,Error
966,Error
967,Error
968,Error
969,Error
970,Error
971,Error
972,Error
973,Error
974,Error
975,Error
976,Error
977,Error
978,Error
979,Error
980,Error
981,Error
982,Error
983,Error
984,Error
985,Error
986,Error
987,Error
988,Error
989,Error
990,Error
991,Error
992,Error
993,Error
994,Error
995,Error
996,Error
997,Error
998,Error
999,Error
1000,Error
1001,Error
1002,Error
1003,Error
1004,Error
1005,Error
1006,Error
1007,Error
1008,Error
1009,Error
1010,Error
1011,Error
1012,Error
1013,Error
1014,Error
1015,Error
1016,Error
1017,Error
1018,Error
1019,Error
1020,Error
1021,Error
1022,Error
1023,Error
1024,Error
